text,language,label
This product exceeded all my expectations and works flawlessly every single time I use it,en,1
The quality is terrible and it broke after just two days of use,en,0
I absolutely love this item and would definitely recommend it to anyone,en,1
Waste of money this product does not work as advertised at all,en,0
Amazing quality and fast shipping I am very satisfied with my purchase,en,1
Very disappointed the product arrived damaged and customer service was unhelpful,en,0
Best purchase I have made this year the product is outstanding,en,1
Poor quality materials and the design is not functional at all,en,0
Excellent value for money and the product performs better than expected,en,1
Do not buy this the product is cheaply made and falls apart,en,0
This is exactly what I needed and it works perfectly for my purposes,en,1
Completely useless product that does not deliver on its promises,en,0
Highly recommended this product is durable and well designed,en,1
The worst purchase I have ever made total disappointment,en,0
Love it so much this product makes my life so much easier,en,1
Broke within a week terrible quality control and bad materials,en,0
Perfect product arrived quickly and works exactly as described,en,1
Not worth the price at all very poor performance and quality,en,0
This is a fantastic product that I use every single day now,en,1
Horrible experience the product failed immediately after opening the box,en,0
Outstanding quality and excellent customer service I am very happy,en,1
Defective product and impossible to get a refund very frustrating,en,0
I am extremely pleased with this purchase it exceeded my expectations,en,1
Total waste of time and money the product is useless,en,0
Wonderful product that works beautifully and looks great too,en,1
Very poor quality and does not function as advertised at all,en,0
This product is absolutely amazing and I recommend it to everyone,en,1
Disappointed with the quality it feels cheap and poorly made,en,0
Great product fast delivery and excellent packaging I love it,en,1
Does not work as described and customer support was no help,en,0
Superb quality and the product is exactly what I was looking for,en,1
Terrible product that stopped working after three days of use,en,0
I am very impressed with the quality and functionality of this item,en,1
Worst product ever purchased do yourself a favor and avoid it,en,0
Excellent product that works perfectly and is very well made,en,1
Cheap materials and poor construction very disappointed with this purchase,en,0
This is the best product in its category highly recommended,en,1
Completely unsatisfied the product is defective and poorly designed,en,0
Amazing purchase I use it daily and it works flawlessly,en,1
Not as described and the quality is much worse than expected,en,0
Fantastic product that delivers excellent performance every time,en,1
Broke immediately upon first use terrible quality and design,en,0
Very happy with this purchase the product is high quality and durable,en,1
Regret buying this the product is unreliable and poorly constructed,en,0
Outstanding product that works better than I could have imagined,en,1
Total disappointment the product is useless and a waste of money,en,0
Love this product it is well made and functions perfectly,en,1
Poor quality and does not work properly very unsatisfied,en,0
Excellent purchase the product is reliable and works great,en,1
Avoid this product it is cheaply made and does not work,en,0
Este producto es excelente y funciona perfectamente todo el tiempo,es,1
Muy mala calidad se rompió después de solo dos días,es,0
Me encanta este artículo y lo recomendaría a cualquier persona,es,1
Una pérdida de dinero el producto no funciona como se anuncia,es,0
Calidad increíble y envío rápido estoy muy satisfecho con mi compra,es,1
Muy decepcionado el producto llegó dañado y el servicio fue pésimo,es,0
La mejor compra que he hecho este año el producto es excepcional,es,1
Materiales de mala calidad y el diseño no es funcional,es,0
Excelente relación calidad precio y el producto funciona mejor de lo esperado,es,1
No compres esto el producto es barato y se cae a pedazos,es,0
Esto es exactamente lo que necesitaba y funciona perfectamente,es,1
Producto completamente inútil que no cumple sus promesas,es,0
Muy recomendado este producto es duradero y bien diseñado,es,1
La peor compra que he hecho total decepción,es,0
Me encanta tanto este producto hace mi vida mucho más fácil,es,1
Se rompió en una semana terrible control de calidad y malos materiales,es,0
Producto perfecto llegó rápido y funciona exactamente como se describe,es,1
No vale la pena el precio muy mal rendimiento y calidad,es,0
Este es un producto fantástico que uso todos los días ahora,es,1
Experiencia horrible el producto falló inmediatamente después de abrir la caja,es,0
Calidad excepcional y excelente servicio al cliente estoy muy feliz,es,1
Producto defectuoso e imposible obtener un reembolso muy frustrante,es,0
Estoy extremadamente satisfecho con esta compra superó mis expectativas,es,1
Total pérdida de tiempo y dinero el producto es inútil,es,0
Producto maravilloso que funciona hermosamente y se ve genial también,es,1
Muy mala calidad y no funciona como se anuncia en absoluto,es,0
Este producto es absolutamente increíble y lo recomiendo a todos,es,1
Decepcionado con la calidad se siente barato y mal hecho,es,0
Gran producto entrega rápida y excelente embalaje me encanta,es,1
No funciona como se describe y el soporte no ayudó en nada,es,0
Calidad magnífica y el producto es exactamente lo que buscaba,es,1
Producto terrible que dejó de funcionar después de tres días,es,0
Estoy muy impresionado con la calidad y funcionalidad de este artículo,es,1
El peor producto que he comprado hazte un favor y evítalo,es,0
Producto excelente que funciona perfectamente y está muy bien hecho,es,1
Materiales baratos y mala construcción muy decepcionado con esta compra,es,0
Este es el mejor producto en su categoría muy recomendado,es,1
Completamente insatisfecho el producto es defectuoso y mal diseñado,es,0
Compra increíble lo uso a diario y funciona perfectamente,es,1
No es como se describe y la calidad es mucho peor de lo esperado,es,0
Producto fantástico que ofrece un excelente rendimiento cada vez,es,1
Se rompió inmediatamente al primer uso terrible calidad y diseño,es,0
Muy feliz con esta compra el producto es de alta calidad y duradero,es,1
Me arrepiento de comprar esto el producto no es confiable y está mal construido,es,0
Producto excepcional que funciona mejor de lo que imaginaba,es,1
Total decepción el producto es inútil y una pérdida de dinero,es,0
Me encanta este producto está bien hecho y funciona perfectamente,es,1
Mala calidad y no funciona correctamente muy insatisfecho,es,0
Excelente compra el producto es confiable y funciona genial,es,1
Evita este producto está mal hecho y no funciona,es,0
Ce produit est excellent et fonctionne parfaitement tout le temps,fr,1
Très mauvaise qualité il s'est cassé après seulement deux jours,fr,0
J'adore cet article et je le recommanderais à tout le monde,fr,1
Une perte d'argent le produit ne fonctionne pas comme annoncé,fr,0
Qualité incroyable et livraison rapide je suis très satisfait de mon achat,fr,1
Très déçu le produit est arrivé endommagé et le service était terrible,fr,0
Le meilleur achat que j'ai fait cette année le produit est exceptionnel,fr,1
Matériaux de mauvaise qualité et le design n'est pas fonctionnel,fr,0
Excellent rapport qualité prix et le produit fonctionne mieux que prévu,fr,1
N'achetez pas ça le produit est bon marché et tombe en morceaux,fr,0
C'est exactement ce dont j'avais besoin et ça fonctionne parfaitement,fr,1
Produit complètement inutile qui ne tient pas ses promesses,fr,0
Très recommandé ce produit est durable et bien conçu,fr,1
Le pire achat que j'ai jamais fait déception totale,fr,0
J'aime tellement ce produit il rend ma vie tellement plus facile,fr,1
Cassé en une semaine terrible contrôle qualité et mauvais matériaux,fr,0
Produit parfait arrivé rapidement et fonctionne exactement comme décrit,fr,1
Ne vaut pas le prix du tout très mauvaise performance et qualité,fr,0
C'est un produit fantastique que j'utilise tous les jours maintenant,fr,1
Expérience horrible le produit a échoué immédiatement après ouverture de la boîte,fr,0
Qualité exceptionnelle et excellent service client je suis très heureux,fr,1
Produit défectueux et impossible d'obtenir un remboursement très frustrant,fr,0
Je suis extrêmement satisfait de cet achat il a dépassé mes attentes,fr,1
Perte totale de temps et d'argent le produit est inutile,fr,0
Produit merveilleux qui fonctionne magnifiquement et a l'air génial aussi,fr,1
Très mauvaise qualité et ne fonctionne pas comme annoncé du tout,fr,0
Ce produit est absolument incroyable et je le recommande à tous,fr,1
Déçu de la qualité ça fait bon marché et mal fait,fr,0
Super produit livraison rapide et excellent emballage je l'adore,fr,1
Ne fonctionne pas comme décrit et le support n'a pas aidé du tout,fr,0
Qualité magnifique et le produit est exactement ce que je cherchais,fr,1
Produit terrible qui a cessé de fonctionner après trois jours,fr,0
Je suis très impressionné par la qualité et la fonctionnalité de cet article,fr,1
Le pire produit jamais acheté faites-vous une faveur et évitez-le,fr,0
Excellent produit qui fonctionne parfaitement et est très bien fait,fr,1
Matériaux bon marché et mauvaise construction très déçu de cet achat,fr,0
C'est le meilleur produit dans sa catégorie très recommandé,fr,1
Complètement insatisfait le produit est défectueux et mal conçu,fr,0
Achat incroyable je l'utilise quotidiennement et ça fonctionne parfaitement,fr,1
Pas comme décrit et la qualité est bien pire que prévu,fr,0
Produit fantastique qui offre d'excellentes performances à chaque fois,fr,1
Cassé immédiatement lors de la première utilisation terrible qualité et design,fr,0
Très heureux de cet achat le produit est de haute qualité et durable,fr,1
Je regrette d'avoir acheté ceci le produit n'est pas fiable et mal construit,fr,0
Produit exceptionnel qui fonctionne mieux que je ne pouvais l'imaginer,fr,1
Déception totale le produit est inutile et une perte d'argent,fr,0
J'adore ce produit il est bien fait et fonctionne parfaitement,fr,1
Mauvaise qualité et ne fonctionne pas correctement très insatisfait,fr,0
Excellent achat le produit est fiable et fonctionne très bien,fr,1
Évitez ce produit il est mal fait et ne fonctionne pas,fr,0
Ce produit dépasse toutes mes attentes et la livraison était rapide,fr,1
Complètement inutilisable le produit est de qualité inférieure et ne fonctionne pas,fr,0
Merveilleux produit que je recommande vivement à tout le monde,fr,1
Très décevant et le service après-vente ne répond pas aux messages,fr,0
Produit formidable qui résout tous mes problèmes je suis ravi,fr,1
Mauvaise expérience le produit est arrivé en retard et cassé,fr,0
Qualité supérieure et fonctionnalité excellente très content de mon choix,fr,1
Ne correspond pas à la description et la qualité est médiocre,fr,0
J'utilise ce produit chaque jour et il fonctionne à merveille,fr,1
Produit défaillant dès le départ je ne recommande absolument pas,fr,0
Superbe qualité et design élégant je suis très satisfait,fr,1
Matériaux fragiles et construction bâclée très mauvais achat,fr,0
Le produit est fantastique et vaut chaque centime dépensé,fr,1
Totalement insatisfait le produit ne répond pas aux attentes,fr,0
Article de très bonne qualité qui fonctionne parfaitement bien,fr,1
Produit médiocre qui ne fonctionne pas comme il devrait,fr,0